{
  "hash": "ceb4eda0",
  "configHash": "da487766",
  "lockfileHash": "eda06ce2",
  "browserHash": "796f4570",
  "optimized": {
    "@angular/cdk/bidi": {
      "src": "../../../../../../node_modules/@angular/cdk/fesm2022/bidi.mjs",
      "file": "@angular_cdk_bidi.js",
      "fileHash": "963eb81e",
      "needsInterop": false
    },
    "@angular/cdk/keycodes": {
      "src": "../../../../../../node_modules/@angular/cdk/fesm2022/keycodes.mjs",
      "file": "@angular_cdk_keycodes.js",
      "fileHash": "b174dd16",
      "needsInterop": false
    },
    "@angular/cdk/scrolling": {
      "src": "../../../../../../node_modules/@angular/cdk/fesm2022/scrolling.mjs",
      "file": "@angular_cdk_scrolling.js",
      "fileHash": "4a0f2a67",
      "needsInterop": false
    },
    "@angular/cdk/text-field": {
      "src": "../../../../../../node_modules/@angular/cdk/fesm2022/text-field.mjs",
      "file": "@angular_cdk_text-field.js",
      "fileHash": "362116a4",
      "needsInterop": false
    },
    "@angular/common": {
      "src": "../../../../../../node_modules/@angular/common/fesm2022/common.mjs",
      "file": "@angular_common.js",
      "fileHash": "bcceb6a6",
      "needsInterop": false
    },
    "@angular/common/http": {
      "src": "../../../../../../node_modules/@angular/common/fesm2022/http.mjs",
      "file": "@angular_common_http.js",
      "fileHash": "22532b07",
      "needsInterop": false
    },
    "@angular/core": {
      "src": "../../../../../../node_modules/@angular/core/fesm2022/core.mjs",
      "file": "@angular_core.js",
      "fileHash": "7efac9d0",
      "needsInterop": false
    },
    "@angular/forms": {
      "src": "../../../../../../node_modules/@angular/forms/fesm2022/forms.mjs",
      "file": "@angular_forms.js",
      "fileHash": "45b007e6",
      "needsInterop": false
    },
    "@angular/material/button": {
      "src": "../../../../../../node_modules/@angular/material/fesm2022/button.mjs",
      "file": "@angular_material_button.js",
      "fileHash": "04279941",
      "needsInterop": false
    },
    "@angular/material/card": {
      "src": "../../../../../../node_modules/@angular/material/fesm2022/card.mjs",
      "file": "@angular_material_card.js",
      "fileHash": "6e750e51",
      "needsInterop": false
    },
    "@angular/material/chips": {
      "src": "../../../../../../node_modules/@angular/material/fesm2022/chips.mjs",
      "file": "@angular_material_chips.js",
      "fileHash": "93f6ba25",
      "needsInterop": false
    },
    "@angular/material/core": {
      "src": "../../../../../../node_modules/@angular/material/fesm2022/core.mjs",
      "file": "@angular_material_core.js",
      "fileHash": "951ae6a8",
      "needsInterop": false
    },
    "@angular/material/datepicker": {
      "src": "../../../../../../node_modules/@angular/material/fesm2022/datepicker.mjs",
      "file": "@angular_material_datepicker.js",
      "fileHash": "9fcae401",
      "needsInterop": false
    },
    "@angular/material/dialog": {
      "src": "../../../../../../node_modules/@angular/material/fesm2022/dialog.mjs",
      "file": "@angular_material_dialog.js",
      "fileHash": "6ca86d9d",
      "needsInterop": false
    },
    "@angular/material/divider": {
      "src": "../../../../../../node_modules/@angular/material/fesm2022/divider.mjs",
      "file": "@angular_material_divider.js",
      "fileHash": "d82713d1",
      "needsInterop": false
    },
    "@angular/material/form-field": {
      "src": "../../../../../../node_modules/@angular/material/fesm2022/form-field.mjs",
      "file": "@angular_material_form-field.js",
      "fileHash": "656192f8",
      "needsInterop": false
    },
    "@angular/material/icon": {
      "src": "../../../../../../node_modules/@angular/material/fesm2022/icon.mjs",
      "file": "@angular_material_icon.js",
      "fileHash": "9295e6e1",
      "needsInterop": false
    },
    "@angular/material/input": {
      "src": "../../../../../../node_modules/@angular/material/fesm2022/input.mjs",
      "file": "@angular_material_input.js",
      "fileHash": "59aa8ee6",
      "needsInterop": false
    },
    "@angular/material/menu": {
      "src": "../../../../../../node_modules/@angular/material/fesm2022/menu.mjs",
      "file": "@angular_material_menu.js",
      "fileHash": "72e0e824",
      "needsInterop": false
    },
    "@angular/material/paginator": {
      "src": "../../../../../../node_modules/@angular/material/fesm2022/paginator.mjs",
      "file": "@angular_material_paginator.js",
      "fileHash": "1e93a4f3",
      "needsInterop": false
    },
    "@angular/material/radio": {
      "src": "../../../../../../node_modules/@angular/material/fesm2022/radio.mjs",
      "file": "@angular_material_radio.js",
      "fileHash": "5898e17c",
      "needsInterop": false
    },
    "@angular/material/select": {
      "src": "../../../../../../node_modules/@angular/material/fesm2022/select.mjs",
      "file": "@angular_material_select.js",
      "fileHash": "3c8c729b",
      "needsInterop": false
    },
    "@angular/material/slider": {
      "src": "../../../../../../node_modules/@angular/material/fesm2022/slider.mjs",
      "file": "@angular_material_slider.js",
      "fileHash": "b2d11821",
      "needsInterop": false
    },
    "@angular/material/snack-bar": {
      "src": "../../../../../../node_modules/@angular/material/fesm2022/snack-bar.mjs",
      "file": "@angular_material_snack-bar.js",
      "fileHash": "27abc8e1",
      "needsInterop": false
    },
    "@angular/material/sort": {
      "src": "../../../../../../node_modules/@angular/material/fesm2022/sort.mjs",
      "file": "@angular_material_sort.js",
      "fileHash": "8feeaec2",
      "needsInterop": false
    },
    "@angular/material/table": {
      "src": "../../../../../../node_modules/@angular/material/fesm2022/table.mjs",
      "file": "@angular_material_table.js",
      "fileHash": "9c042c50",
      "needsInterop": false
    },
    "@angular/material/toolbar": {
      "src": "../../../../../../node_modules/@angular/material/fesm2022/toolbar.mjs",
      "file": "@angular_material_toolbar.js",
      "fileHash": "d586d4c5",
      "needsInterop": false
    },
    "@angular/platform-browser": {
      "src": "../../../../../../node_modules/@angular/platform-browser/fesm2022/platform-browser.mjs",
      "file": "@angular_platform-browser.js",
      "fileHash": "d1713d68",
      "needsInterop": false
    },
    "@angular/platform-browser/animations": {
      "src": "../../../../../../node_modules/@angular/platform-browser/fesm2022/animations.mjs",
      "file": "@angular_platform-browser_animations.js",
      "fileHash": "fecd92dc",
      "needsInterop": false
    },
    "@angular/router": {
      "src": "../../../../../../node_modules/@angular/router/fesm2022/router.mjs",
      "file": "@angular_router.js",
      "fileHash": "ed7e75b0",
      "needsInterop": false
    },
    "aws-amplify": {
      "src": "../../../../../../node_modules/aws-amplify/dist/esm/index.mjs",
      "file": "aws-amplify.js",
      "fileHash": "1c4864d4",
      "needsInterop": false
    },
    "aws-amplify/auth": {
      "src": "../../../../../../node_modules/aws-amplify/dist/esm/auth/index.mjs",
      "file": "aws-amplify_auth.js",
      "fileHash": "fa833983",
      "needsInterop": false
    },
    "jwt-decode": {
      "src": "../../../../../../node_modules/jwt-decode/build/esm/index.js",
      "file": "jwt-decode.js",
      "fileHash": "53013f05",
      "needsInterop": false
    },
    "rxjs": {
      "src": "../../../../../../node_modules/rxjs/dist/esm5/index.js",
      "file": "rxjs.js",
      "fileHash": "255a1afd",
      "needsInterop": false
    },
    "rxjs/operators": {
      "src": "../../../../../../node_modules/rxjs/dist/esm5/operators/index.js",
      "file": "rxjs_operators.js",
      "fileHash": "727fbb9b",
      "needsInterop": false
    }
  },
  "chunks": {
    "chunk-25KHNF7W": {
      "file": "chunk-25KHNF7W.js"
    },
    "chunk-W7JZF3D3": {
      "file": "chunk-W7JZF3D3.js"
    },
    "chunk-EMLOMQYD": {
      "file": "chunk-EMLOMQYD.js"
    },
    "chunk-NCOYYGHL": {
      "file": "chunk-NCOYYGHL.js"
    },
    "chunk-F2CTSBXQ": {
      "file": "chunk-F2CTSBXQ.js"
    },
    "chunk-7Q27WHNG": {
      "file": "chunk-7Q27WHNG.js"
    },
    "chunk-JIP63SM5": {
      "file": "chunk-JIP63SM5.js"
    },
    "chunk-OIBNGD5S": {
      "file": "chunk-OIBNGD5S.js"
    },
    "chunk-XDFLKOCE": {
      "file": "chunk-XDFLKOCE.js"
    },
    "chunk-HCV3O6RN": {
      "file": "chunk-HCV3O6RN.js"
    },
    "chunk-FOMKHSSK": {
      "file": "chunk-FOMKHSSK.js"
    },
    "chunk-NR7AUOWR": {
      "file": "chunk-NR7AUOWR.js"
    },
    "chunk-7XBKEDWU": {
      "file": "chunk-7XBKEDWU.js"
    },
    "chunk-EXXJJ7LX": {
      "file": "chunk-EXXJJ7LX.js"
    },
    "chunk-3O4EIK7L": {
      "file": "chunk-3O4EIK7L.js"
    },
    "chunk-6Q6OCKWU": {
      "file": "chunk-6Q6OCKWU.js"
    },
    "chunk-Q3L5SUIN": {
      "file": "chunk-Q3L5SUIN.js"
    },
    "chunk-4FZJXNEZ": {
      "file": "chunk-4FZJXNEZ.js"
    },
    "chunk-OBOVBREZ": {
      "file": "chunk-OBOVBREZ.js"
    },
    "chunk-PB7FZRJV": {
      "file": "chunk-PB7FZRJV.js"
    },
    "chunk-7ZESN4HU": {
      "file": "chunk-7ZESN4HU.js"
    },
    "chunk-EI5OE6DO": {
      "file": "chunk-EI5OE6DO.js"
    },
    "chunk-YRI5GZHR": {
      "file": "chunk-YRI5GZHR.js"
    },
    "chunk-MBDNJUGA": {
      "file": "chunk-MBDNJUGA.js"
    },
    "chunk-42FJBLFI": {
      "file": "chunk-42FJBLFI.js"
    },
    "chunk-JXBCBRYI": {
      "file": "chunk-JXBCBRYI.js"
    },
    "chunk-2O4WY5GE": {
      "file": "chunk-2O4WY5GE.js"
    },
    "chunk-VVYT6SWV": {
      "file": "chunk-VVYT6SWV.js"
    },
    "chunk-MMVZ32PN": {
      "file": "chunk-MMVZ32PN.js"
    },
    "chunk-5RGPHZME": {
      "file": "chunk-5RGPHZME.js"
    },
    "chunk-ZW3NOZNM": {
      "file": "chunk-ZW3NOZNM.js"
    },
    "chunk-7ZLSHXAE": {
      "file": "chunk-7ZLSHXAE.js"
    },
    "chunk-KEJ6ITY7": {
      "file": "chunk-KEJ6ITY7.js"
    },
    "chunk-Y7ER3C46": {
      "file": "chunk-Y7ER3C46.js"
    },
    "chunk-CTADLHSO": {
      "file": "chunk-CTADLHSO.js"
    },
    "chunk-BORVHYHU": {
      "file": "chunk-BORVHYHU.js"
    },
    "chunk-45G3ZFQ5": {
      "file": "chunk-45G3ZFQ5.js"
    },
    "chunk-67VMKZYK": {
      "file": "chunk-67VMKZYK.js"
    },
    "chunk-WDMUDEB6": {
      "file": "chunk-WDMUDEB6.js"
    }
  }
}